<?xml version="1.0" encoding="UTF-8"?>
<beans xmlns="http://www.springframework.org/schema/beans"
	xmlns:xsi="http://www.w3.org/2001/XMLSchema-instance"
	xsi:schemaLocation="http://www.springframework.org/schema/beans http://www.springframework.org/schema/beans/spring-beans.xsd">

<!-- 	<bean class="ex04.spring.di.IRecordImpl" id="record">
		<constructor-arg index="2" value="50" />
		<constructor-arg index="0" value="78" />
		<constructor-arg index="1" value="80" />
	</bean> -->
	
	<bean class="ex04.spring.di.IRecordImpl" id="record">
	</bean>
	
 	<bean class="ex04.spring.di.IRecordViewImpl" id="view">
		<property name="record" ref="record" />
	</bean> 
</beans>
